Thai,Ala Carte,Khao Soi,khaosoi.png
Thai,Ala Carte,Khao Mun Gai,khaomungai.png
Thai,Ala Carte,Green Curry,greencurry.png
Thai,Ala Carte,Papaya Salad,papayasalad.png
Thai,Ala Carte,Rice with Crispy Pork,kaomoogorb.png
Thai,Ala Carte,Thai Suki,sukihang.png
Thai,Ala Carte,Yellow Curry,yellowcurry.png
Thai,Breakfast,Grilled Pork,mooping.png
Thai,Breakfast,Fried Pork with Garlic,friedporkgarlic.png
Thai,Breakfast,Grilled Chicken,chicken.png
Thai,Breakfast,Fried Chicken,friedchicken.png
Thai,Breakfast,Rice with Palo,palo.png
Thai,Breakfast,Thai Omelet,thaiomlet.png
Thai,Breakfast,Gruel,gruel.png
Thai,Appetizers,Boiled Egg,boiledegg.png
Thai,Appetizers,Crispy Fish Small,crispyfish.png
Thai,Appetizers,Fried Pork Floss,friedporkfloss.png
Thai,Appetizers,Fried Egg,friedegg.png
Thai,Appetizers,Pink Noodles,pinknoodle.png
Thai,Appetizers,Fried Fish Ball,fishball.png
Thai,Appetizers,Moo Yor,mooyor.png
Thai,Snacks,Fried Taro,friedtaro.png
Thai,Snacks,Sweet Peanuts,sweetpeanuts.png
Thai,Snacks,Fried Banana Chip,bananachips.png
Thai,Snacks,Korng Krang,korngkrang.png
Thai,Snacks,Krayasat,krayasart.png
Thai,Snacks,Peanuts,peanuts.png
Thai,Snacks,Pun Sib,punsib.png
Thai,Deserts,Sticky Rice Egg Custard,stickyriceeggcustard.png
Thai,Deserts,Lod Chong,lodchong.png
Thai,Deserts,Steamed Corn,steamedcorn.png
Thai,Deserts,Mango with Sticky Rice,mangowithstickyrice.png
Thai,Deserts,Mor Gang,morgang.png
Thai,Deserts,Khao Lharm,khaolharm.png
Thai,Deserts,Kao Chae,kaochae.png
Chinese,Ala Carte,Mapu Tofu,maputofu.png
Chinese,Ala Carte,Curry Crab,currycrab.png
Chinese,Ala Carte,Peking Duck,pekingduck.png
Chinese,Ala Carte,Dandan Noodles,dandannoodles.png
Chinese,Ala Carte,Lard Nar,lardnar.png
Chinese,Ala Carte,Pork Leg,porkleg.png
Chinese,Ala Carte,Fish Stomach,fishstomach.png
Chinese,Ala Carte,Fish with Soy Sauce,fishwithsoysauce.png
Chinese,Appetizers,Hoy Chor,hoychor.png
Chinese,Appetizers,Hae Guen,haeguen.png
Chinese,Appetizers,Century Egg,centuryegg.png
Chinese,Appetizers,Tod Mun Gung,todmungung.png
Chinese,Appetizers,Spicy Jellyfish,spicyjellyfish.png
Chinese,Appetizers,Stuffed Fried Taro,friedtaropork.png
Chinese,Snacks,Carmelised Nuts,carmelisednuts.png
Chinese,Snacks,Snow Taro,snowtaro.png
Chinese,Snacks,Salted Plum,saltedplum.png
Chinese,Snacks,Ba Charng,bacharng.png
Chinese,Snacks,Mooncake,mooncake.png
Chinese,Snacks,Chestnuts,chestnuts.png
Chinese,Snacks,Kanom Pia,kanompia.png
Chinese,Breakfast,Porridge,thaiporridge.png
Chinese,Breakfast,Dim Sum,dimsum.png
Chinese,Breakfast,Pork Blood Soup,porkbloodsoup.png
Chinese,Breakfast,Pork Rib Soup,porkribsoup.png
Chinese,Breakfast,Noodles Soup,noodlessoup.png
Chinese,Deserts,Pa Tong Go,patonggo.png
Chinese,Deserts,Hot Ginger,hotginger.png
Chinese,Deserts,Onee Pae Guay,oneepaeguay.png
Chinese,Deserts,Kanom Go,kanomgo.png
Chinese,Deserts,Kanom Nartaek,kanomnartaek.png
Chinese,Deserts,Hongkong Tart,hongkongtart.png
Chinese,Deserts,Cream Salapao,creamsalapao.png
Japanese,Ala Carte,Okonomiyaki,okonomiyaki.png
Japanese,Ala Carte,Shabu Shabu,shabu.png
Japanese,Ala Carte,Ramen,ramen.png
Japanese,Ala Carte,Unagi Don,unagidon.png
Japanese,Ala Carte,Tempura Set,tempuraset.png
Japanese,Appetizers,Gyoza,gyoza.png
Japanese,Appetizers,Yakitori,yakitori.png
Japanese,Appetizers,Teba Shio,tebashio.png
Japanese,Appetizers,Japanese Chilled Tofu,chilledtofu.png
Japanese,Appetizers,Karaage,karaage.png
Japanese,Snacks,Takoyaki,takoyaki.png
Japanese,Snacks,Pocky,pocky.png
Japanese,Snacks,Pretz,pretz.png
Japanese,Snacks,Senbei,senbei.png
Japanese,Snacks,Nikuman,nikuman.png
Japanese,Breakfast,Onigiri,onigiri.png
Japanese,Breakfast,Oyakodon,oyakodon.png
Japanese,Breakfast,Tamago Kake Gohan,tamagokakegohan.png
Japanese,Breakfast,Grilled Fish,grilledfish.png
Japanese,Breakfast,Miso Soup,misosoup.png
Japanese,Deserts,Crepes,crepes.png
Japanese,Deserts,Dango,dango.png
Japanese,Deserts,Daifuku,daifuku.png
Japanese,Deserts,Mochi,mochi.png
Japanese,Deserts,Mizu Yokan,mizuyokan.png
Italian,Ala Carte,Pasta Alfredo,alfredo.png
Italian,Ala Carte,Pasta Carbonara,carbonara.png
Italian,Ala Carte,Pasta Marinara,marinara.png
Italian,Ala Carte,Lasagna,lasagna.png
Italian,Ala Carte,Pizza,pizza.png
Italian,Ala Carte,Rissoto,risotto.png
Italian,Ala Carte,Foie Gras,foiegras.png
Italian,Snacks,Biscotti,biscotti.png
Italian,Snacks,Focaccia,focaccia.png
Italian,Snacks,Panino con Rapini,paninoconrapini.png
Italian,Appetizers,Pizza Dip,pizzadip.png
Italian,Appetizers,Bruschetta,bruschetta.png
Italian,Appetizers,Quiches,quiches.png
Italian,Breakfast,Brunch Torte,brunchtorte.png
Italian,Breakfast,Frittata,frittata.png
Italian,Breakfast,Brioche,brioche.png
Italian,Deserts,Tiramisu,tiramisu.png
Italian,Deserts,Panna Cotta,pannacotta.png
Italian,Deserts,Affogato,affogato.png
